id,year,make,model,zip
247,1969,Toyota,2000GT,TOY_2000GT_69.zip
249,1964,Ferrari,250 GTO,FER_250GTO_64.zip
251,1954,Mercedes-Benz,300 SL,MER_300SL_54.zip
253,1994,Ferrari,355 Berlinetta,FER_355Berlinetta_94.zip
255,1991,Ferrari,512 TR,FER_512TR_91.zip
260,1973,Porsche,Carrera RS,por_carrerars_73.zip
261,1995,Porsche,911 GT2,por_911gt2_95.zip
262,2004,Porsche,996 GT3,POR_996GT3_04.zip
265,1982,Porsche,911 Turbo,POR_911Turbo_82.zip
268,1989,Porsche,944 turbo,por_944turbo_89.zip
269,1987,Porsche,959,por_959_87.zip
281,1968,Plymouth,Barracuda,PLY_Barracuda_68.zip
289,1969,Chevrolet,Camaro SS,CHE_CamaroSS_69.zip
292,2003,Porsche,Carrera GT,POR_CarreraGT_03.zip
295,2003,Toyota,Celica SS-I,TOY_CelicaSSI_03.zip
296,1998,TVR,Cerbera,TVR_Cerbera_98.zip
299,1970,Chevrolet,Chevelle,CHE_Chevelle_70.zip
302,2004,Honda,Civic Type R,HON_CivicR_04.zip
306,1965,Shelby,Cobra 427,SHE_Cobra427_65.zip
309,1995,Volkswagen,Corrado,VW_Corrado_95.zip
312,1967,Chevrolet,Corvette Stingray,CHE_CorvetteStingray_67.zip
314,2002,Chevrolet,Corvette Z 06,CHE_CorvetteZ06_02.zip
315,1970,Chevrolet,Corvette ZR 1,CHE_CorvetteZR1_70.zip
316,1988,Lamborghini,Countach,LAM_Countach_88.zip
320,1991,Honda,CR-X Si,HON_CRXsi_91.zip
323,1992,Lancia,Delta,LAN_Delta_92.zip
324,1999,Lamborghini,Diablo GTR,LAM_DiabloGTR_99.zip
325,1997,Lamborghini,Diablo SV,LAM_DiabloSV_97.zip
326,1969,Ferrari,Dino 246,FER_Dino246_69.zip
327,1995,Mitsubishi,Eclipse GSX,MIT_EclipseGSX_95.zip
333,2002,Ferrari,Enzo,FER_Enzo_02.zip
336,1961,Jaguar,Etype,JAG_Etype_61.zip
338,1997,McLaren,F 1 GT,MCL_F1GT_97.zip
340,1987,Ferrari,F 40,FER_F40_87.zip
342,1995,Ferrari,F 50,FER_F50_95.zip
343,1969,Nissan,Fairlady 432 Z,NIS_Fairlady432Z_69.zip
344,2003,Nissan,Fairlady Z,NIS_FairladyZ_03.zip
345,1994,Nissan,Fairlady Zv STwin Turbo,NIS_FairladyZvSTwinTurbo_94.zip
348,2005,Ford,gt,for_gt_05.zip
353,1992,Volkswagen,Golf GTi 16 v Mk 2,VW_GolfGTi16vMk2_92.zip
357,1997,Mitsubishi,GTO,MIT_GTO_97.zip
358,1984,Ferrari,GTO,FER_GTO_84.zip
363,1998,Subaru,Impreza 22 b,SUB_Impreza22b_98.zip
364,2004,Subaru,WRXSTi,SUB_WRXSTi_04.zip
365,2005,Subaru,WRXSTi,SUB_WRXSTi_05.zip
368,2001,Acura,Integra Type R,ACU_IntegraR_01.zip
374,2006,Mitsubishi,Lancer Evo IXMR,MIT_LancerEvoIXMR_06.zip
378,2004,Mitsubishi,Lancer Evo VIIIMR,MIT_LancerEvoVIIIMR_04.zip
379,2005,Subaru,Legacy B 4 GT,SUB_LegacyB4GT_05.zip
382,1997,BMW,E 36 M 3,BMW_E36M3_97.zip
383,2005,BMW,E 46 M 3,BMW_E46M3_05.zip
391,2004,Maserati,MC 12,MAS_MC12_04.zip
398,1995,Toyota,MR 2 GT,TOY_MR2GT_95.zip
405,2000,Ford,Mustang Cobra R,FOR_MustangCobraR_00.zip
411,2005,Honda,NSXR,HON_NSXR_05.zip
412,1992,Honda,NSXR,HON_NSXR_92.zip
417,1987,Buick,Regal GNX,BUI_RegalGNX_87.zip
419,2006,Audi,RS 4,AUD_RS4_06.zip
420,2003,Audi,RS 6,AUD_RS6_03.zip
422,2002,Acura,RSX Type S,ACU_RSXTypeS_02.zip
423,1990,Mazda,RX 7,MAZ_RX7_90.zip
427,2003,Honda,S 2000,HON_S2000_03.zip
433,2005,TVR,Sagaris,TVR_Sagaris_05.zip
440,1994,Nissan,Silvia Ks,NIS_SilviaKs_94.zip
455,1985,Toyota,Sprinter,TOY_Sprinter_85.zip
458,1974,Lancia,Stratos,LAN_Stratos_74.zip
460,1992,Toyota,Supra 20 GT,TOY_Supra20GT_92.zip
461,1998,Toyota,Supra RZ,TOY_SupraRZ_98.zip
483,1999,Dodge,Viper GTSACR,DOD_ViperGTSACR_99.zip
489,1993,Jaguar,XJ 220,JAG_XJ220_93.zip
513,1969,Dodge,Charger RT,DOD_ChargerRT_69.zip
567,1998,Nissan,R 390,NIS_R390_98.zip
568,1998,Mercedes-Benz,CLKGTR,MER_CLKGTR_98.zip
569,2005,Honda,NSXRGT,HON_NSXRGT_05.zip
615,2007,Peugeot,207 Super 2000,PEU_207Super2000_07.zip
625,2007,Honda,Civic Type R,HON_CivicTypeR_07.zip
633,1983,Audi,Sport Quattro,AUD_SportQuattro_83.zip
634,1980,Renault,5 Turbo,REN_5Turbo_80.zip
637,1967,Lamborghini,Miura P 400,LAM_MiuraP400_67.zip
639,1970,Dodge,Challenger Hemi,DOD_ChallengerHemi_70.zip
641,1998,Porsche,996 GT 1,POR_996GT1_98.zip
1006,2005,Ferrari,FXX,FER_FXX_05.zip
1007,2008,Koenigsegg,CCGT,KOE_CCGT_08.zip
1009,2008,Mitsubishi,Lancer Evo XGSR,MIT_LancerEvoXGSR_08.zip
1011,2008,BMW,M 3 E 92,BMW_M3E92_08.zip
1020,1996,Ferrari,f 50 gt,fer_f50gt_96.zip
1022,2007,Ferrari,F 430 Scuderia,FER_F430Scuderia_07.zip
1023,1989,Ferrari,F 40 Competizione,FER_F40Competizione_89.zip
1032,2008,Alfa Romeo,8 C,ALF_8C_08.zip
1034,1994,Toyota,Celica ST 205,TOY_CelicaST205_94.zip
1040,1981,BMW,M 1,BMW_M1_81.zip
1041,1993,Ford,Mustang SVTCobra R,FOR_MustangSVTCobraR_93.zip
1042,1971,Nissan,Skyline 2000 GTR,NIS_Skyline2000GTR_71.zip
1045,1987,Pontiac,Trans Am GTA,PON_TransAmGTA_87.zip
1046,2008,Dodge,Viper SRT 10 ACR,DOD_ViperSRT10ACR_08.zip
1052,2006,Dodge,Ram SRT 10,DOD_RamSRT10_06.zip
1059,2008,BMW,Z 4 MCoupe,BMW_Z4MCoupe_08.zip
1060,2008,Subaru,WRXSTi,SUB_WRXSTi_08.zip
1063,1969,Dodge,Charger Daytona,DOD_ChargerDaytona_69.zip
1064,1979,Chevrolet,Camaro Z 28,CHE_CamaroZ28_79.zip
1069,2009,Chevrolet,Corvette ZR 1,CHE_CorvetteZR1_09.zip
1086,2009,Ford,Focus RS,FOR_FocusRS_09.zip
1090,2009,Mercedes-Benz,SL 65 AMG,MER_SL65AMG_09.zip
1093,1960,Chevrolet,Corvette,CHE_Corvette_60.zip
1103,2010,Nissan,370 Z,NIS_370Z_10.zip
1104,1970,Nissan,510,NIS_510_70.zip
1105,1964,Aston Martin,DB 5 Vantage,AST_DB5Vantage_64.zip
1108,1987,Ford,RS 200 Evolution,FOR_RS200Evolution_87.zip
1110,1994,Mazda,Miata,MAZ_Miata_94.zip
1124,1980,Fiat,131 Abarth Stradale,FIA_131AbarthStradale_80.zip
1126,2009,BMW,M 5,BMW_M5_09.zip
1130,2011,McLaren,MP 412 C,MCL_MP412C_11.zip
1131,2010,Ferrari,F 142,FER_F142_10.zip
1150,1965,Alfa Romeo,GTA,ALF_GTA_65.zip
1155,1965,Shelby,Cobra Daytona,SHE_CobraDaytona_65.zip
1171,2010,Ferrari,599 XX,FER_599XX_10.zip
1173,2010,Lamborghini,LP 6704 SV,LAM_LP6704SV_10.zip
1175,2010,Pagani,Zonda R,PAG_ZondaR_10.zip
1184,2009,Audi,RS 6,AUD_RS6_09.zip
1200,2009,Audi,R 8 LMS,AUD_R8LMS_09.zip
1204,2010,Renault,Megane RS 250,REN_MeganeRS250_10.zip
1215,2000,Nissan,CAR,NUL_CAR_00.zip
1216,2011,Audi,RS 3,AUD_RS3_11.zip
1220,2010,Audi,TTRS,AUD_TTRS_10.zip
1221,2010,Mazda,Mazdaspeed 3,MAZ_Mazdaspeed3_10.zip
1229,2008,Mazda,Furai,MAZ_Furai_08.zip
1231,2010,Volkswagen,Golf R,VW_GolfR_10.zip
1253,2010,Noble,M 600,NOB_M600_10.zip
1260,2010,Lexus,LFA,LEX_LFA_10.zip
1269,1973,BMW,2002 Turbo,BMW_2002Turbo_73.zip
1270,1982,DeLorean,DMC 12,DEL_DMC12_82.zip
1272,1992,Ford,Escort RSCosworth,FOR_EscortRSCosworth_92.zip
1273,1997,Honda,Civic Type R,HON_CivicTypeR_97.zip
1276,1977,Pontiac,Firebird Trans Am,PON_FirebirdTransAm_77.zip
1277,1971,Chrysler,Cuda 426,CHR_Cuda426_71.zip
1278,1973,Ford,XBFalcon GT,FOR_XBFalconGT_73.zip
1282,1994,Nissan,240 SX,NIS_240SX_94.zip
1291,1970,Chevrolet,El Camino SS,CHE_ElCaminoSS_70.zip
1293,1987,Ford,RS 500,FOR_RS500_87.zip
1294,1992,GMC,Syclone,GMC_Syclone_92.zip
1296,1990,Mercedes-Benz,190 E,MER_190E_90.zip
1299,1983,Volvo,242 Turbo,VOL_242Turbo_83.zip
1300,1964,Chevrolet,Impala SS,CHE_ImpalaSS_64.zip
1301,1956,Jaguar,DType,JAG_DType_56.zip
1314,1993,McLaren,F 1,MCL_F1_93.zip
1323,2011,Subaru,WRXSTi,SUB_WRXSTi_11.zip
1330,1970,Chevrolet,Camaro Z 28,CHE_CamaroZ28_70.zip
1332,1968,Dodge,Dart,DOD_Dart_68.zip
1335,1991,Mazda,55 787 B,MAZ_55_787B_91.zip
1350,2011,BMW,X 5 M,BMW_X5M_11.zip
1352,1970,Dodge,superbee,dod_superbee_70.zip
1355,1965,Ford,Mustang,FOR_Mustang_65.zip
1367,2003,BMW,M 5 E 39,BMW_M5E39_03.zip
1368,1988,BMW,M 5 E 28,BMW_M5E28_88.zip
1369,2009,Pagani,Zonda Cinque,PAG_ZondaCinque_09.zip
1376,1999,Lotus,Elise,LOT_Elise_99.zip
1379,1996,Chevrolet,Impala SS,CHE_ImpalaSS_96.zip
1381,1992,Mitsubishi,Galant VR 4,MIT_GalantVR4_92.zip
1382,1990,Subaru,Legacy RS,SUB_LegacyRS_90.zip
1388,2012,BMW,M 5,BMW_M5_12.zip
1392,2011,Lamborghini,Sesto Elemento,LAM_SestoElemento_11.zip
1393,1992,Alfa Romeo,155,ALF_155_92.zip
1394,1993,GMC,Typhoon,GMC_Typhoon_93.zip
1395,1989,Toyota,MR 2 SC,TOY_MR2SC_89.zip
1397,2011,Koenigsegg,Agera,KOE_Agera_11.zip
1398,2012,Lamborghini,LP 7004,LAM_LP7004_12.zip
1417,2011,Audi,RS 5,AUD_RS5_11.zip
1418,1995,BMW,M 5,BMW_M5_95.zip
1426,2011,Mazda,RX 8 R 3,MAZ_RX8R3_11.zip
1428,2011,Volkswagen,Scirocco R,VW_SciroccoR_11.zip
1429,1969,Chevrolet,Nova SS,CHE_NovaSS_69.zip
1435,1966,Volkswagen,Beetle,VW_Beetle_66.zip
1459,1957,Chevrolet,Bel Air,CHE_BelAir_57.zip
1477,2011,Ford,Transit SSV,FOR_TransitSSV_11.zip
1478,1986,Audi,2 Sport Quattro,AUD_2_SportQuattro_86.zip
1480,1985,Mazda,RX 7,MAZ_RX7_85.zip
1481,1965,Austin-Healey,3000,AH_3000_65.zip
1493,1996,BMW,850 CSi,BMW_850CSi_96.zip
1500,2012,Mercedes-Benz,C 63 AMG,MER_C63AMG_12.zip
1513,1997,Maserati,Ghibli,MAS_Ghibli_97.zip
1514,1973,Mazda,RX 3,MAZ_RX3_73.zip
1517,1990,Toyota,Celica ST 185,TOY_CelicaST185_90.zip
1522,2012,Jeep,Wrangler,JEE_Wrangler_12.zip
1529,1974,Ford,Capri,FOR_Capri_74.zip
1532,2012,Hennessey,Venom GT,HEN_VenomGT_12.zip
1533,1977,Holden,Torana,HOL_Torana_77.zip
1537,1973,Toyota,Corolla SR 5,TOY_CorollaSR5_73.zip
1549,1968,Alfa Romeo,33 Stradale,ALF_33Stradale_68.zip
1559,1955,Mercedes-Benz,300 slr,MER_300slr_55.zip
1562,2013,Viper,Viper,VIP_Viper_13.zip
1564,1953,Chevrolet,Corvette,CHE_Corvette_53.zip
1568,1974,Honda,Civic RS,HON_CivicRS_74.zip
1575,1988,Chevrolet,Monte Carlo,CHE_MonteCarlo_88.zip
1578,1963,Ferrari,250 GTLusso,FER_250GTLusso_63.zip
1586,1962,Lincoln,Continental,LIN_Continental_62.zip
1587,1972,Mazda,Cosmo,MAZ_Cosmo_72.zip
1591,1984,Peugeot,205 T 16,PEU_205T16_84.zip
1598,2010,BMW,M 3 GTS,BMW_M3GTS_10.zip
1599,2012,Ferrari,599 XXEvolution,FER_599XXEvolution_12.zip
1601,2012,Lamborghini,Gallardo LP 570 Spyder,LAM_GallardoLP570Spyder_12.zip
1607,2013,Audi,RS 4 Avant,AUD_RS4Avant_13.zip
1627,2013,Mercedes-Benz,G 65 AMG,MER_G65AMG_13.zip
1650,1986,Honda,Civic Si,HON_CivicSi_86.zip
1651,2013,Ariel,Atom,ARI_Atom_13.zip
1654,2013,Ford,Mustang GT 500,FOR_MustangGT500_13.zip
1655,2013,Subaru,BRZ,SUB_BRZ_13.zip
1658,2013,Mercedes-Benz,A 45 AMG,MER_A45AMG_13.zip
1661,1986,Lancia,Delta S 4,LAN_DeltaS4_86.zip
1662,1965,MINI,Cooper S,MIN_CooperS_65.zip
1667,2013,McLaren,P 1,MCL_P1_13.zip
1668,1969,Ford,mustangboss 302,for_mustangboss302_69.zip
2002,2012,Nissan,GT-R,NIS_GTR_12.zip
2003,2013,MINI,JCWGP,MIN_JCWGP_13.zip
2004,2013,Mazda,MX 5,MAZ_MX5_13.zip
2006,1995,Chevrolet,Corvette ZR 1,CHE_CorvetteZR1_95.zip
2007,2013,Toyota,GT 86,TOY_GT86_13.zip
2009,2013,Audi,RS 7,AUD_RS7_13.zip
2010,2013,Audi,R 8 Plus,AUD_R8Plus_13.zip
2017,1968,Fiat,595 SS,FIA_595SS_68.zip
2019,2003,Ford,focusrs,for_focusrs_03.zip
2034,2013,Ferrari,La Ferrari,FER_LaFerrari_13.zip
2038,2014,Alfa Romeo,4 C,ALF_4C_14.zip
2040,2014,BAC,Mono,BAC_Mono_14.zip
2042,2013,Lamborghini,Veneno,LAM_Veneno_13.zip
2119,1984,Honda,CRXMugen,HON_CRXMugen_84.zip
2121,1994,Honda,Prelude,HON_Prelude_94.zip
2128,2013,Cadillac,XTSLimo,CAD_XTSLimo_13.zip
2131,2014,Holden,HSVGTS,HOL_HSVGTS_14.zip
2133,2015,BMW,i 8,BMW_i8_15.zip
2140,1981,Subaru,BRAT,SUB_BRAT_81.zip
2142,2014,Volkswagen,Golf R,VW_GolfR_14.zip
2145,2014,Ford,Ranger T 6,FOR_RangerT6_14.zip
2147,1986,MG,metro 6 r 4,mg_metro6r4_86.zip
2148,2013,MINI,xraidcountryman,min_xraidcountryman_13.zip
2149,1993,Renault,Clio Williams,REN_ClioWilliams_93.zip
2151,1963,Volkswagen,Type 2,VW_Type2_63.zip
2154,2014,BMW,M 4,BMW_M4_14.zip
2161,1965,Alfa Romeo,Giulia TZ 2,ALF_GiuliaTZ2_65.zip
2163,2015,Honda,Civic Type R,HON_CivicTypeR_15.zip
2164,2015,Lamborghini,Huracan,LAM_Huracan_15.zip
2168,2015,Subaru,WRXSTI,SUB_WRXSTI_15.zip
2171,2005,Mazda,MX 5,MAZ_MX5_05.zip
2175,2015,Lexus,RCF,LEX_RCF_15.zip
2177,2015,Chevrolet,Corvette Z 06,CHE_CorvetteZ06_15.zip
2178,2001,Audi,RS 4,AUD_RS4_01.zip
2179,2015,Audi,S 1,AUD_S1_15.zip
2180,2015,Audi,RS 6,AUD_RS6_15.zip
2183,2015,Chevrolet,Camaro Z 28,CHE_CamaroZ28_15.zip
2184,2015,Ferrari,458 Speciale,FER_458Speciale_15.zip
2188,2015,Koenigsegg,one,koe_one_15.zip
2205,1970,Honda,S 800,HON_S800_70.zip
2216,1958,Plymouth,Fury,PLY_Fury_58.zip
2217,1996,Subaru,SVX,SUB_SVX_96.zip
2242,2015,Mercedes-Benz,AMGGT,MER_AMGGT_15.zip
2262,2016,Cadillac,ATSV,CAD_ATSV_16.zip
2263,2015,Dodge,Challenger Hellcat,DOD_ChallengerHellcat_15.zip
2267,2016,Mazda,MX 5,MAZ_MX5_16.zip
2270,1973,Nissan,Skyline GT-R,NIS_SkylineGTR_73.zip
2272,1969,Datsun,2000,DAT_2000_69.zip
2290,2014,Porsche,918 Spyder,POR_918Spyder_14.zip
2297,2012,Porsche,911 GT 3 RS,POR_911GT3RS_12.zip
2357,2017,Ford,Focus RS,FOR_FocusRS_17.zip
2363,2016,Ford,Phoenix,FOR_Phoenix_16.zip
2371,2016,Ferrari,FXXK,FER_FXXK_16.zip
2372,2032,Ford,Coupe,FOR_Coupe_32.zip
2400,2016,Ford,Shelby GT 350 R,FOR_ShelbyGT350R_16.zip
2412,1962,BMW,isetta,bmw_isetta_62.zip
2416,1971,Meyers,Manx,MEY_Manx_71.zip
2420,1984,Opel,manta 400,ope_manta400_84.zip
2421,2016,Cadillac,CTSVSedan,CAD_CTSVSedan_16.zip
2422,2016,Holden,HSVGTSMaloo,HOL_HSVGTSMaloo_16.zip
2430,2016,Ariel,Nomad,ARI_Nomad_16.zip
2467,2016,Ferrari,488 gtb,fer_488gtb_16.zip
2468,2015,Dodge,chargersrthellcat,dod_chargersrthellcat_15.zip
2469,1965,Toyota,Sports 800,TOY_Sports800_65.zip
2470,2016,Aston Martin,Vulcan,AST_Vulcan_16.zip
2471,2016,Mercedes-Benz,C 63 AMGCoupe,MER_C63AMGCoupe_16.zip
2472,2016,McLaren,570 S,MCL_570S_16.zip
2473,2016,Audi,r 8 v 10 plus,aud_r8v10plus_16.zip
2486,2015,Radical,RXC,RAD_RXC_15.zip
2489,2016,Fiat,695 Abarth,FIA_695Abarth_16.zip
2494,2015,Land Rover,rangeroversvr,lr_rangeroversvr_15.zip
2507,1955,Chevrolet,150 Utility Sedan,CHE_150UtilitySedan_55.zip
2512,1987,Nissan,Skyline GTSR,NIS_SkylineGTSR_87.zip
2515,2011,Penske,Cholla,PEN_Cholla_11.zip
2517,2014,Ford,11 F 150 Trophy Truck,FOR_11_F150TrophyTruck_14.zip
2526,2016,Koenigsegg,regera,koe_regera_16.zip
2527,2017,Aston Martin,DB 11,AST_DB11_17.zip
2534,1993,Porsche,968 Turbo S,POR_968TurboS_93.zip
2535,1993,Porsche,928 GTS,POR_928GTS_93.zip
2542,2016,Alfa Romeo,Giulia,ALF_Giulia_16.zip
2544,2016,Dodge,Viper ACR,DOD_ViperACR_16.zip
2549,1970,Porsche,3 917 LH,POR_3_917LH_70.zip
2551,2015,Ford,Pursuit Ute,FOR_PursuitUte_15.zip
2552,2015,Ariel,Class 10,AC_Class10_15.zip
2563,1972,Reliant,Supervan III,REL_SupervanIII_72.zip
2566,1975,Toyota,FJ 40,TOY_FJ40_75.zip
2568,1969,Volkswagen,Class 5 Bug,VW_Class5Bug_69.zip
2569,2015,Ultima,Evolution Coupe,ULT_EvolutionCoupe_15.zip
2574,2015,343 Industries,Warthog,343_Warthog_15.zip
2577,2015,Ferrari,F 12 tdf,FER_F12tdf_15.zip
2613,1970,GMC,Jimmy,GMC_Jimmy_70.zip
2614,1968,Ford,Mustang GT 390,FOR_MustangGT390_68.zip
2616,2017,Lamborghini,Bellissima,LAM_Bellissima_17.zip
2618,2017,Nissan,GT-R,NIS_GTR_17.zip
2625,2016,Bentley,bentayga,ben_bentayga_16.zip
2628,2016,BMW,M 4 GTS,BMW_M4GTS_16.zip
2636,1993,Toyota,1 Baja Truck,TOY_1_BajaTruck_93.zip
2647,2016,Pagani,huayra,pag_huayra_16.zip
2649,2010,Ford,crownvictoria,for_crownvictoria_10.zip
2652,1997,Mitsubishi,Pajero Evo,MIT_PajeroEvo_97.zip
2654,2017,Mercedes-Benz,AMGGTR,MER_AMGGTR_17.zip
2659,1998,Nissan,Silvia Ks,NIS_SilviaKs_98.zip
2663,2016,RJ Anderson,37 Pro 2 Truck,RJ_37_Pro2Truck_16.zip
2711,2010,Mazda,Mazdaspeed 3 Traffic,MAZ_Mazdaspeed3_Traffic_10.zip
2712,1992,Mitsubishi,Galant VR 4 Traffic,MIT_GalantVR4_Traffic_92.zip
2713,2014,Playground Games,Box Truck Traffic,PG_BoxTruck_Traffic_14.zip
2714,2014,Playground Games,Bus Traffic,PG_Bus_Traffic_14.zip
2738,1995,Nissan,gtrlm,nis_gtrlm_95.zip
2739,2017,Chevrolet,camarozl 1,che_camarozl1_17.zip
2742,2017,Jeep,Trailcat,JEE_Trailcat_17.zip
2743,2016,Toyota,Land Cruiser Arctic,TOY_LandCruiserArctic_16.zip
2745,2015,Honda,Trophy Truck,HON_TrophyTruck_15.zip
2755,2017,Porsche,Raymond,POR_Raymond_17.zip
2773,2018,Porsche,Cayenne,POR_Cayenne_18.zip
2792,1966,Ford,2 GT 40,FOR_2_GT40_66.zip
2793,1967,Ferrari,24 330 P 4,FER_24_330P4_67.zip
2794,1993,Porsche,911 Turbo S,POR_911TurboS_93.zip
2801,1984,Nissan,11 Skyline,NIS_11_Skyline_84.zip
2822,1985,Nissan,Safari,NIS_Safari_85.zip
2825,1997,Lotus,Elise GT 1,LOT_EliseGT1_97.zip
2841,2018,Jeep,Trackhawk,JEE_Trackhawk_18.zip
2870,2018,Honda,Civic Type R,HON_CivicTypeR_18.zip
2871,2018,Can-Am,Maverick,CAN_Maverick_18.zip
2872,2019,Hyundai,Veloster N,HYU_VelosterN_19.zip
2902,2018,Playground Games,Flatbed Truck Traffic,PG_FlatbedTruck_Traffic_18.zip
2903,2005,Subaru,Legacy B 4 GT Traffic,SUB_LegacyB4GT_Traffic_05.zip
2909,2018,Dodge,Demon,DOD_Demon_18.zip
2910,2017,Koenigsegg,Agera RS,KOE_AgeraRS_17.zip
2935,2018,Funco,F 9,FUN_F9_18.zip
2937,2017,Ford,14 Fiesta GRC,FOR_14_FiestaGRC_17.zip
2968,2023,Aston Martin,Valkyrie,AST_Valkyrie_23.zip
2974,2018,Ferrari,812 Superfast,FER_812Superfast_18.zip
2986,2017,Mercedes-Benz,Unimog,MER_Unimog_17.zip
2987,1962,Peel,P 50,PEE_P50_62.zip
2992,1964,Jaguar,Etype Lightweight,JAG_EtypeLightweight_64.zip
2993,2018,TVR,Griffith,TVR_Griffith_18.zip
2995,1983,Volkswagen,Golf GTI,VW_GolfGTI_83.zip
2996,2015,Ford,13 Mustang FD,FOR_13_MustangFD_15.zip
2997,2016,Holden,530 Maloo FD,HOL_530_MalooFD_16.zip
3000,1997,Nissan,777 240 SXFD,NIS_777_240SXFD_97.zip
3003,2006,Dodge,43 Viper FD,DOD_43_ViperFD_06.zip
3007,2017,Volkswagen,34 Beetle GRC,VW_34_BeetleGRC_17.zip
3031,1986,Porsche,186 959,POR_186_959_86.zip
3035,2018,KTM,XBow GT 4,KTM_XBowGT4_18.zip
3037,1989,BMW,98 325 i FD,BMW_98_325iFD_89.zip
3051,2017,Ford,MSport Fiesta,FOR_MSportFiesta_17.zip
3055,2010,Jaguar,CX 75,JAG_CX75_10.zip
3062,1970,Ferrari,512 S,FER_512S_70.zip
3063,2018,Mercedes-Benz,XClass,MER_XClass_18.zip
3064,2018,Mercedes-Benz,AMGGT 4,MER_AMGGT4_18.zip
3072,2018,Porsche,911 GT 3 RS,POR_911GT3RS_18.zip
3082,2006,Maserati,MC 12 Corsa,MAS_MC12Corsa_06.zip
3087,2014,McLaren,650 SSpider,MCL_650SSpider_14.zip
3088,2018,Chevrolet,Deberti Drift Truck,CHE_DebertiDriftTruck_18.zip
3091,2018,Aston Martin,Vantage,AST_Vantage_18.zip
3107,2014,Mercedes-Benz,G 63 AMG 6 x 6,MER_G63AMG6x6_14.zip
3108,2018,Ford,Mustang RTRSpec 5,FOR_MustangRTRSpec5_18.zip
3110,2013,Jeep,Deberti Wrangler,JEE_DebertiWrangler_13.zip
3117,2018,Porsche,718 Cayman GTS,POR_718CaymanGTS_18.zip
3118,2019,Chevrolet,Corvette ZR 1,CHE_CorvetteZR1_19.zip
3120,2019,Lamborghini,Urus,LAM_Urus_19.zip
3123,2019,Porsche,992,POR_992_19.zip
3128,2017,Ford,25 Ultra 4 Bronco,FOR_25_Ultra4Bronco_17.zip
3129,2008,Renault,Megane R 26 R,REN_MeganeR26R_08.zip
3132,2018,MINI,JCWBuggy,MIN_JCWBuggy_18.zip
3134,2018,Renault,Megane RS,REN_MeganeRS_18.zip
3141,2018,Apollo,Intensa,APO_Intensa_18.zip
3149,2018,Chevrolet,Camaro 1 LE,CHE_Camaro1LE_18.zip
3153,2019,McLaren,600 LT,MCL_600LT_19.zip
3156,2019,McLaren,Speedtail,MCL_Speedtail_19.zip
3170,1994,Ford,Supervan 3,FOR_Supervan3_94.zip
3173,2019,BMW,Z 4,BMW_Z4_19.zip
3176,1987,Mercedes-Benz,AMGHammer,MER_AMGHammer_87.zip
3180,1991,Peugeot,205 Rallye,PEU_205Rallye_91.zip
3184,1977,Ford,5 Escort Mk 2,FOR_5_EscortMk2_77.zip
3185,2019,Aston Martin,DBSSuperleggera,AST_DBSSuperleggera_19.zip
3187,2018,Porsche,00 Macan RR,POR_00_MacanRR_18.zip
3189,2018,Hennessey,Velociraptor 6 x 6,HEN_Velociraptor6x6_18.zip
3190,2003,Ford,SVTLightning,FOR_SVTLightning_03.zip
3211,2019,Aston Martin,Vulcan AMRPro,AST_VulcanAMRPro_19.zip
3212,2019,Zenvo,TSR-S,ZEN_TSRS_19.zip
3214,2019,Porsche,70 935,POR_70_935_19.zip
3225,2018,Ferrari,Portofino,FER_Portofino_18.zip
3226,2017,Ferrari,J 50,FER_J50_17.zip
3227,2019,Ferrari,488 Pista,FER_488Pista_19.zip
3228,1999,Ford,Racing Puma,FOR_RacingPuma_99.zip
3232,2013,Chevrolet,777 Corvette FD,CHE_777_CorvetteFD_13.zip
3235,1982,Volkswagen,Caddy,VW_Caddy_82.zip
3241,2018,Subaru,00 VT 18 X,SUB_00_VT18X_18.zip
3249,2018,Ferrari,117 599 FD,FER_117_599FD_18.zip
3250,2018,Mercedes-Benz,E 63 SAMG,MER_E63SAMG_18.zip
3255,2020,Jeep,Gladiator,JEE_Gladiator_20.zip
3257,1990,Nissan,Pulsar GTIR,NIS_PulsarGTIR_90.zip
3277,2020,Ford,Mustang GT 500,FOR_MustangGT500_20.zip
3287,1991,Jaguar,XJR 15,JAG_XJR15_91.zip
3288,1993,Porsche,962 CRS,POR_962CRS_93.zip
3289,2019,Lamborghini,Aventador SVJ,LAM_AventadorSVJ_19.zip
3293,1993,Jaguar,XJ 220 S,JAG_XJ220S_93.zip
3307,2019,Nissan,370 ZNismo,NIS_370ZNismo_19.zip
3311,2018,Ferrari,FXXKEvo,FER_FXXKEvo_18.zip
3312,2019,Ferrari,Monza SP 2,FER_MonzaSP2_19.zip
3315,2020,Koenigsegg,Jesko,KOE_Jesko_20.zip
3318,2018,Audi,RS 4 Avant,AUD_RS4Avant_18.zip
3359,2018,Audi,Etron,AUD_Etron_18.zip
3363,1998,Nissan,23 Skyline,NIS_23_Skyline_98.zip
3364,2021,Aston Martin,Valhalla,AST_Valhalla_21.zip
3367,2020,Ferrari,F 8 Tributo,FER_F8Tributo_20.zip
3369,2020,Chevrolet,Corvette,CHE_Corvette_20.zip
3371,2020,Lamborghini,Huracan EVO,LAM_HuracanEVO_20.zip
3373,2019,Toyota,4 Runner TRDPro,TOY_4RunnerTRDPro_19.zip
3374,2019,Toyota,Tacoma TRDPro,TOY_TacomaTRDPro_19.zip
3395,1967,Renault,8 Gordini,REN_8Gordini_67.zip
3400,2019,Mazda,99 RX 8 FD,MAZ_99_RX8FD_19.zip
3402,2020,Toyota,Supra GR,TOY_SupraGR_20.zip
3404,2020,Ford,2069 Bronco R,FOR_2069_BroncoR_20.zip
3411,1995,Toyota,34 Supra Mk IV,TOY_34_SupraMkIV_95.zip
3412,2019,Subaru,WRXSTi S 209,SUB_WRXSTiS209_19.zip
3413,2019,Volkswagen,Golf R,VW_GolfR_19.zip
3414,2020,Land Rover,Defender,LR_Defender_20.zip
3434,2020,BMW,M 2 Comp,BMW_M2Comp_20.zip
3439,2019,Ford,F 250 Deberti,FOR_F250Deberti_19.zip
3441,2019,Toyota,Tacoma Deberti,TOY_TacomaDeberti_19.zip
3445,2020,Porsche,Taycan Turbo S,POR_TaycanTurboS_20.zip
3449,2020,Lotus,Evija,LOT_Evija_20.zip
3454,2020,Audi,RS 3 Sedan,AUD_RS3Sedan_20.zip
3476,2020,Ford,F 450 DRW,FOR_F450DRW_20.zip
3477,2020,Chevrolet,Silverado LTZ 71,CHE_SilveradoLTZ71_20.zip
3482,2021,McLaren,765 LT,MCL_765LT_21.zip
3486,2012,Jeep,Wrangler Traffic,JEE_Wrangler_Traffic_12.zip
3498,2017,Saleen,S 7 LM,SAL_S7LM_17.zip
3518,2020,BMW,M 8,BMW_M8_20.zip
3520,2021,Lexus,LC 500,LEX_LC500_21.zip
3523,2020,Toyota,151 Supra GRFD,TOY_151_SupraGRFD_20.zip
3524,2019,Toyota,411 Corolla FD,TOY_411_CorollaFD_19.zip
3533,2022,Volkswagen,Golf R,VW_GolfR_22.zip
3534,2021,MINI,JCWGP,MIN_JCWGP_21.zip
3539,2020,Sierra Cars,23 Alpha,SIE_23_Alpha_20.zip
3540,2021,Sierra Cars,00 RX 3,SIE_00_RX3_21.zip
3543,2022,Pagani,Huayra R,PAG_HuayraR_22.zip
3548,2020,Wuling,Hongguang S,WUL_HongguangS_20.zip
3549,2020,Ariel,122 Class 1,AC_122_Class1_20.zip
3551,2020,BMW,91 M 2 FD,BMW_91_M2FD_20.zip
3554,2005,Mitsubishi,1 Evo TA,MIT_1_EvoTA_05.zip
3580,2019,Aston Martin,DBX,AST_DBX_19.zip
3583,2021,Audi,RS 6 Avant,AUD_RS6Avant_21.zip
3584,2021,Audi,RS 7,AUD_RS7_21.zip
3590,1973,Chevrolet,CKPickup,CHE_CKPickup_73.zip
3594,2021,Ferrari,Roma,FER_Roma_21.zip
3595,2020,Ferrari,SF 90 Stradale,FER_SF90Stradale_20.zip
3597,1983,Ford,F 150,FOR_F150_83.zip
3599,2022,Gordon Murray Automotive,T 50,GMA_T50_22.zip
3600,2021,Hennessey,Venom F 5,HEN_VenomF5_21.zip
3603,2019,Jeep,4422 Trophy,JEE_4422_Trophy_19.zip
3604,2019,Jimco,Hammer Head Buggy,JIM_HammerHeadBuggy_19.zip
3605,2019,Jimco,Trophy Truck,JIM_TrophyTruck_19.zip
3606,2021,Lamborghini,63 Essenza,LAM_63_Essenza_21.zip
3608,2021,Lamborghini,Sian Roadster,LAM_SianRoadster_21.zip
3611,2022,Maserati,MC 20,MAS_MC20_22.zip
3616,2021,Mercedes-Benz,GTBlack Series,MER_GTBlackSeries_21.zip
3617,2022,Mercedes-Benz,SL 63 AMG,MER_SL63AMG_22.zip
3622,2019,Nissan,GTRNismo,NIS_GTRNismo_19.zip
3625,2021,Rimac,Nevera,RIM_Nevera_21.zip
3629,2021,Toyota,Yaris GR,TOY_YarisGR_21.zip
3631,2022,Aston Martin,Valkyrie AMRPro,AST_ValkyrieAMRPro_22.zip
3645,2021,BMW,M 4,BMW_M4_21.zip
3650,2021,Mercedes-Benz,AMGOne,MER_AMGOne_21.zip
3655,2021,McLaren,620 R,MCL_620R_21.zip
3657,2022,Rivian,R 1 T,RIV_R1T_22.zip
3661,2018,Lotus,Exige Cup 430,LOT_ExigeCup430_18.zip
3662,2020,RJ Anderson,37 Pro 4,RJ_37_Pro4_20.zip
3665,2021,Sierra Cars,00 700 R,SIE_00_700R_21.zip
3667,2021,Porsche,911 GT 3,POR_911GT3_21.zip
3668,2023,McLaren,Artura,MCL_Artura_23.zip
3670,2001,Ford,4 Focus WRC,FOR_4_FocusWRC_01.zip
3672,2021,Lamborghini,Huracan STO,LAM_HuracanSTO_21.zip
3678,2020,Hyundai,i 30 N,HYU_i30N_20.zip
3686,2021,Polaris,51 RZRDakar,POL_51_RZRDakar_21.zip
3687,2021,Polaris,RZRPro XP,POL_RZRProXP_21.zip
3692,2022,Ford,F 150 Lightning,FOR_F150Lightning_22.zip
3693,2021,Ariel,6165 Class 6100,AC_6165_Class6100_21.zip
3698,2022,Porsche,Mission R,POR_MissionR_22.zip
3700,2021,McLaren,Sabre,MCL_Sabre_21.zip
3716,2023,Lotus,Emira,LOT_Emira_23.zip
3719,2022,Cadillac,CT 4 VBlackwing,CAD_CT4VBlackwing_22.zip
3720,2022,Cadillac,CT 5 VBlackwing,CAD_CT5VBlackwing_22.zip
3722,2022,GMC,Hummer EV,GMC_HummerEV_22.zip
3724,2022,Ferrari,296 GTB,FER_296GTB_22.zip
3726,2023,Acura,Integra,ACU_Integra_23.zip
3728,2021,Bentley,Continental GTC,BEN_ContinentalGTC_21.zip
3735,2022,Subaru,BRZ,SUB_BRZ_22.zip
3736,2022,Ford,Bronco Raptor,FOR_BroncoRaptor_22.zip
3737,2022,BMW,i X,BMW_iX_22.zip
3744,2023,Nissan,64 ZFD,NIS_64_ZFD_23.zip
3745,2020,Audi,R 8,AUD_R8_20.zip
3750,1995,Mitsubishi,Pajero,MIT_Pajero_95.zip
3753,2023,Lamborghini,Huracan Tecnica,LAM_HuracanTecnica_23.zip
3755,2022,Ford,4 Electric Supervan,FOR_4_ElectricSupervan_22.zip
3760,2022,Porsche,718 Cayman GT 4 RS,POR_718CaymanGT4RS_22.zip
3761,2022,Toyota,GR 86,TOY_GR86_22.zip
3763,2023,BMW,M 2,BMW_M2_23.zip
3764,2022,BMW,M 5 CS,BMW_M5CS_22.zip
3766,2023,Chevrolet,Corvette Z 06,CHE_CorvetteZ06_23.zip
3767,2022,Acura,NSX Type S,ACU_NSXTypeS_22.zip
3771,2023,Chevrolet,Corvette ERay,CHE_CorvetteERay_23.zip
3773,2023,Honda,Civic Type R,HON_CivicTypeR_23.zip
3774,2023,Lamborghini,Countach,LAM_Countach_23.zip
3775,2022,Lamborghini,Aventador Ultimae,LAM_AventadorUltimae_22.zip
3781,2023,Porsche,911 GT 3 RS,POR_911GT3RS_23.zip
3783,1989,Volkswagen,Golf Rallye,VW_GolfRallye_89.zip
3785,1997,Toyota,Soarer,TOY_Soarer_97.zip
3789,2022,Wuling,Mini EV,WUL_MiniEV_22.zip
3795,2023,Meyers,Manx,MEY_Manx_23.zip
3798,2017,Mazda,00 MX 5 Cup,MAZ_00_MX5Cup_17.zip
3811,2023,Lucid,Air,LUC_Air_23.zip
3819,2022,Subaru,WRX,SUB_WRX_22.zip
3823,2022,Mazda,MX 5 RF,MAZ_MX5RF_22.zip
3827,2023,Hyundai,Ioniq 5 N,HYU_Ioniq5N_23.zip
3829,2022,Hyundai,NVision 74,HYU_NVision74_22.zip
3840,2023,Lamborghini,Huracan Sterrato,LAM_HuracanSterrato_23.zip
3846,2024,Ford,Mustang GT,FOR_MustangGT_24.zip
3847,2024,Ford,Mustang Dark Horse,FOR_MustangDarkHorse_24.zip
3848,2023,Toyota,Camry TRD,TOY_CamryTRD_23.zip
3849,2023,Ford,F 150 Raptor R,FOR_F150RaptorR_23.zip
3850,2021,Dodge,Durango Hellcat,DOD_DurangoHellcat_21.zip
3851,1991,Toyota,Sera,TOY_Sera_91.zip
3852,1991,Honda,Beat,HON_Beat_91.zip
3854,1993,ATS,AZ 1,AZM_AZ1_93.zip
3855,1991,Nissan,Figaro,NIS_Figaro_91.zip
3856,1987,Nissan,BE 1,NIS_BE1_87.zip
3858,1997,Nissan,Stagea,NIS_Stagea_97.zip
3859,1984,Honda,City,HON_City_84.zip
3860,1989,Nissan,SCargo,NIS_SCargo_89.zip
3865,1994,Honda,Acty,HON_Acty_94.zip
3880,2023,Toyota,GRCorolla,TOY_GRCorolla_23.zip
3886,1995,Mitsubishi,Lancer Evo III,MIT_LancerEvoIII_95.zip
3891,2024,Lamborghini,Revuelto,LAM_Revuelto_24.zip
3895,2020,Mercedes-Benz,SLC 43 AMG,MER_SLC43AMG_20.zip
3903,2023,Ford,Fiesta ST,FOR_FiestaST_23.zip
3904,2022,Ford,Focus ST,FOR_FocusST_22.zip
3908,2022,Honda,e,HON_e_22.zip
3910,2023,Porsche,911 Dakar,POR_911Dakar_23.zip
3914,1991,Toyota,Chaser GT,TOY_ChaserGT_91.zip
3917,2023,Audi,R 8 GT,AUD_R8GT_23.zip
3918,1995,Nissan,Gloria,NIS_Gloria_95.zip
3921,2024,Nissan,ZNismo,NIS_ZNismo_24.zip
3928,2022,Hyundai,i 20 N,HYU_i20N_22.zip
3929,1989,Nissan,Pao,NIS_Pao_89.zip
3933,1997,Toyota,Chaser,TOY_Chaser_97.zip
3953,2023,Porsche,911 Turbo S,POR_911TurboS_23.zip
3955,2024,Ram,TRX,RAM_TRX_24.zip
3959,2022,Dodge,Challenger SRT,DOD_ChallengerSRT_22.zip
3960,1994,Subaru,Vivio RXR,SUB_VivioRXR_94.zip
3983,2024,BMW,X 6 M,BMW_X6M_24.zip
3999,2002,Nissan,Silvia Spec R,NIS_SilviaSpecR_02.zip
4038,1999,Toyota,Altezza,TOY_Altezza_99.zip
4055,1996,Toyota,Starlet Glanza,TOY_StarletGlanza_96.zip
4057,1997,Nissan,Skyline GT-R,NIS_SkylineGTR_97.zip
4069,1988,BMW,M 3,BMW_M3_88.zip
4081,2024,Koenigsegg,Gemera,KOE_Gemera_24.zip
4084,1972,Datsun,269 240 Z,DAT_269_240Z_72.zip
4085,1990,Mitsubishi,269 Minicab,MIT_269_Minicab_90.zip
4090,2001,Mitsubishi,Lancer Evo VITME,MIT_LancerEvoVITME_01.zip
4094,2024,Nissan,GTRNISMO,NIS_GTRNISMO_24.zip
4114,1992,Nissan,Skyline GT-R,NIS_SkylineGTR_92.zip
4119,1998,Nissan,Skyline Autech,NIS_SkylineAutech_98.zip
4124,2013,Mercedes-Benz,G 65 AMG Traffic,MER_G65AMG_Traffic_13.zip
4125,1994,Honda,Acty Traffic,HON_Acty_Traffic_94.zip
4126,2022,Honda,e Traffic,HON_e_Traffic_22.zip
4127,1995,Mitsubishi,Pajero Traffic,MIT_Pajero_Traffic_95.zip
4128,2022,Subaru,WRX Traffic,SUB_WRX_Traffic_22.zip
4129,1997,Nissan,Stagea Traffic,NIS_Stagea_Traffic_97.zip
4144,1992,Mazda,RX 7,MAZ_RX7_92.zip
4145,1974,Mazda,123 808 Wagon,MAZ_123_808Wagon_74.zip
4158,2010,Lexus,LFAFE,LEX_LFAFE_10.zip
4160,1989,Nissan,SCargo FE,NIS_SCargoFE_89.zip
4162,1985,Toyota,Sprinter FE,TOY_SprinterFE_85.zip
4163,2020,Wuling,Hongguang SFE,WUL_HongguangSFE_20.zip
4164,2022,Subaru,BRZFE,SUB_BRZFE_22.zip
4165,1973,Mazda,RX 3 FE,MAZ_RX3FE_73.zip
4166,2023,BMW,M 2 FE,BMW_M2FE_23.zip
4167,2012,Nissan,GTRFE,NIS_GTRFE_12.zip
4168,1968,Ford,Mustang GT 390 FE,FOR_MustangGT390FE_68.zip
4169,1990,Mercedes-Benz,190 EFE,MER_190EFE_90.zip
4171,1983,Ford,F 150 FE,FOR_F150FE_83.zip
4175,2020,Ford,F 450 DRWFE,FOR_F450DRWFE_20.zip
4179,1990,Nissan,12 Skyline GTR,NIS_12_SkylineGTR_90.zip
4197,1994,Mazda,Miata FE,MAZ_MiataFE_94.zip
4198,1999,Dodge,Viper GTSACRFE,DOD_ViperGTSACRFE_99.zip
4199,2019,Toyota,Tacoma TRDPro FE,TOY_TacomaTRDProFE_19.zip
4200,2020,Lotus,Evija FE,LOT_EvijaFE_20.zip
4210,2018,Lotus,00 Exige WTA,LOT_00_ExigeWTA_18.zip
4211,1990,Honda,19 CRXWTA,HON_19_CRXWTA_90.zip
4212,1993,Nissan,32 Skyline WTA,NIS_32_SkylineWTA_93.zip
4213,2000,Nissan,36 Silvia WTA,NIS_36_SilviaWTA_00.zip
4214,1995,Toyota,00 Supra WTA,TOY_00_SupraWTA_95.zip
4216,1994,Honda,Acty Jobs,HON_Acty_Jobs_94.zip
4221,2026,Toyota,Scallop,TOY_Scallop_26.zip
4222,1989,Nissan,Silvia Ks,NIS_SilviaKs_89.zip
4223,2000,Nissan,Skyline GTRVSpec II,NIS_SkylineGTRVSpecII_00.zip
4231,2004,Honda,52 S 2000 WTA,HON_52_S2000WTA_04.zip
4232,2005,Porsche,00 Cayman WTA,POR_00_CaymanWTA_05.zip
4234,2008,Honda,Civic Type R,HON_CivicTypeR_08.zip
4250,1985,Toyota,Sprinter TG,TOY_SprinterTG_85.zip
4251,2003,Honda,S 2000 TG,HON_S2000TG_03.zip
4252,1998,Subaru,Impreza 22 BTG,SUB_Impreza22BTG_98.zip
4254,2001,Honda,33 Integra WTA,HON_33_IntegraWTA_01.zip
4255,2005,Toyota,Crown Taxi,TOY_CrownTaxi_05.zip
4257,2017,Toyota,JPNTaxi,TOY_JPNTaxi_17.zip
4259,2013,Toyota,GT 86 Stories,TOY_GT86_Stories_13.zip
4260,2024,Nissan,GTRNISMOID,NIS_GTRNISMOID_24.zip
4261,1995,Porsche,911 GT 2 ID,POR_911GT2ID_95.zip
4263,2026,Toyota,Scallop ID,TOY_ScallopID_26.zip
4264,2018,Ferrari,FXXKEvo WP,FER_FXXKEvoWP_18.zip
4265,2021,Mercedes-Benz,GTBlack Series WP,MER_GTBlackSeriesWP_21.zip
4266,2021,BMW,M 4 WP,BMW_M4WP_21.zip
4267,2004,Mitsubishi,Lancer Evo VIIIMRWP,MIT_LancerEvoVIIIMRWP_04.zip
4268,2023,Ford,F 150 Raptor RWP,FOR_F150RaptorRWP_23.zip
4277,1992,Honda,21 Civic WTA,HON_21_CivicWTA_92.zip
4278,2025,Toyota,Land Cruiser,TOY_LandCruiser_25.zip
4287,1994,Subaru,Vivio RXRFE,SUB_VivioRXRFE_94.zip
4303,2012,Nissan,GTRTG,NIS_GTRTG_12.zip
4313,1970,Porsche,3 917 LHFE,POR_3_917LHFE_70.zip
4315,1962,Peel,P 50 Trolli,PEE_P50Trolli_62.zip
4332,2005,Toyota,Crown Taxi Traffic,TOY_CrownTaxi_Traffic_05.zip
4333,2017,Toyota,JPNTaxi Traffic,TOY_JPNTaxi_Traffic_17.zip
4341,2017,Ferrari,J 50 PO,FER_J50PO_17.zip
4342,1965,Toyota,Sports 800 Fanta,TOY_Sports800Fanta_65.zip
